{
  "model": "Faster RCNN ResNet50 FPN",
  "epochs": 20,
  "overall": {
    "mAP50": 0.21509046852588654,
    "mAP50_95": 0.12917906045913696,
    "precision": 0.1417565941810608,
    "recall": 0.17017094790935516
  },
  "per_class": {
    "link": 0.19,
    "button": 0.283,
    "input": 0.365,
    "select": 0.398,
    "textarea": 0.117,
    "label": 0.0,
    "checkbox": 0.0,
    "radio": 0.085,
    "dropdown": 0.0,
    "slider": 0.112,
    "toggle": 0.0,
    "menu_item": 0.0
  }
}